{
  "name": "login",
  "version": "1.0.0",
  "lockfileVersion": 3,
  "requires": true,
  "packages": {
    "": {
      "name": "login",
      "version": "1.0.0",
      "license": "ISC",
      "dependencies": {
        "bcrypt": "^6.0.0",
        "bcryptjs": "^3.0.2"
      }
    },
    "node_modules/bcrypt": {
      "version": "6.0.0",
      "resolved": "https://registry.npmjs.org/bcrypt/-/bcrypt-6.0.0.tgz",
      "integrity": "sha512-cU8v/EGSrnH+HnxV2z0J7/blxH8gq7Xh2JFT6Aroax7UohdmiJJlxApMxtKfuI7z68NvvVcmR78k2LbT6efhRg==",
      "hasInstallScript": true,
      "license": "MIT",
      "dependencies": {
        "node-addon-api": "^8.3.0",
        "node-gyp-build": "^4.8.4"
      },
      "engines": {
        "node": ">= 18"
      }
    },
    "node_modules/bcryptjs": {
      "version": "3.0.2",
      "resolved": "https://registry.npmjs.org/bcryptjs/-/bcryptjs-3.0.2.tgz",
      "integrity": "sha512-k38b3XOZKv60C4E2hVsXTolJWfkGRMbILBIe2IBITXciy5bOsTKot5kDrf3ZfufQtQOUN5mXceUEpU1rTl9Uog==",
      "license": "BSD-3-Clause",
      "bin": {
        "bcrypt": "bin/bcrypt"
      }
    },
    "node_modules/node-addon-api": {
      "version": "8.4.0",
      "resolved": "https://registry.npmjs.org/node-addon-api/-/node-addon-api-8.4.0.tgz",
      "integrity": "sha512-D9DI/gXHvVmjHS08SVch0Em8G5S1P+QWtU31appcKT/8wFSPRcdHadIFSAntdMMVM5zz+/DL+bL/gz3UDppqtg==",
      "license": "MIT",
      "engines": {
        "node": "^18 || ^20 || >= 21"
      }
    },
    "node_modules/node-gyp-build": {
      "version": "4.8.4",
      "resolved": "https://registry.npmjs.org/node-gyp-build/-/node-gyp-build-4.8.4.tgz",
      "integrity": "sha512-LA4ZjwlnUblHVgq0oBF3Jl/6h/Nvs5fzBLwdEF4nuxnFdsfajde4WfxtJr3CaiH+F6ewcIB/q4jQ4UzPyid+CQ==",
      "license": "MIT",
      "bin": {
        "node-gyp-build": "bin.js",
        "node-gyp-build-optional": "optional.js",
        "node-gyp-build-test": "build-test.js"
      }
    }
  }
}
